"CUSTOMER_STATE","SELLER_STATE","CUSTOMER_STATE_LAT","CUSTOMER_STATE_LNG","SELLER_STATE_LAT","SELLER_STATE_LNG","TOTAL_FREIGHT_VALUE"
AC,BA,-9.993495924837452,-68.28232533466523,-12.989871851119448,-39.615591300124855,51.7
AC,DF,-9.993495924837452,-68.28232533466523,-15.790607098465964,-48.041233449700464,26.42
AC,GO,-9.993495924837452,-68.28232533466523,-16.544386780171276,-49.27402937998611,48.6
AC,MA,-9.993495924837452,-68.28232533466523,-3.9751512906138347,-44.82710896397979,27.75
AC,MG,-9.993495924837452,-68.28232533466523,-19.768131943331838,-44.25358623321739,482.41
AC,MS,-9.993495924837452,-68.28232533466523,-21.033754693811588,-54.58754251592346,85.64
AC,PR,-9.993495924837452,-68.28232533466523,-24.51761690736683,-51.13921446386092,39.05
AC,RJ,-9.993495924837452,-68.28232533466523,-22.62313258857956,-43.189515153563526,33.24
AC,RS,-9.993495924837452,-68.28232533466523,-29.405371844827677,-51.99545799943851,74.91
AC,SC,-9.993495924837452,-68.28232533466523,-27.233756086210168,-49.96532630581995,326.42
AC,SP,-9.993495924837452,-68.28232533466523,-23.191158107928256,-47.05378549380357,3813.25
AL,AM,-9.575753590432976,-36.291428960906735,-3.4629611582302386,-61.351585225624326,35.26
AL,BA,-9.575753590432976,-36.291428960906735,-12.989871851119448,-39.615591300124855,226.62
AL,CE,-9.575753590432976,-36.291428960906735,-4.628164063264693,-39.12452010467055,40.85
AL,DF,-9.575753590432976,-36.291428960906735,-15.790607098465964,-48.041233449700464,217.13
AL,GO,-9.575753590432976,-36.291428960906735,-16.544386780171276,-49.27402937998611,292.24
AL,MA,-9.575753590432976,-36.291428960906735,-3.9751512906138347,-44.82710896397979,95.02
AL,MG,-9.575753590432976,-36.291428960906735,-19.768131943331838,-44.25358623321739,2249.66
AL,PB,-9.575753590432976,-36.291428960906735,-7.053690918143463,-36.18945874369153,24.92
AL,PE,-9.575753590432976,-36.291428960906735,-8.252919762977053,-35.94553525314061,131.03
AL,PR,-9.575753590432976,-36.291428960906735,-24.51761690736683,-51.13921446386092,3020.35
AL,RJ,-9.575753590432976,-36.291428960906735,-22.62313258857956,-43.189515153563526,380.99
AL,RN,-9.575753590432976,-36.291428960906735,-5.864841623635242,-36.236780659852265,15.42
AL,RS,-9.575753590432976,-36.291428960906735,-29.405371844827677,-51.99545799943851,428.71
AL,SC,-9.575753590432976,-36.291428960906735,-27.233756086210168,-49.96532630581995,428.35
AL,SP,-9.575753590432976,-36.291428960906735,-23.191158107928256,-47.05378549380357,11289.91
AM,BA,-3.4629611582302386,-61.351585225624326,-12.989871851119448,-39.615591300124855,44.74
AM,CE,-3.4629611582302386,-61.351585225624326,-4.628164063264693,-39.12452010467055,38.01
AM,GO,-3.4629611582302386,-61.351585225624326,-16.544386780171276,-49.27402937998611,53.13
AM,MA,-3.4629611582302386,-61.351585225624326,-3.9751512906138347,-44.82710896397979,25.21
AM,MG,-3.4629611582302386,-61.351585225624326,-19.768131943331838,-44.25358623321739,724.63
AM,PR,-3.4629611582302386,-61.351585225624326,-24.51761690736683,-51.13921446386092,1408.63
AM,RJ,-3.4629611582302386,-61.351585225624326,-22.62313258857956,-43.189515153563526,336.32
AM,RS,-3.4629611582302386,-61.351585225624326,-29.405371844827677,-51.99545799943851,531.05
AM,SC,-3.4629611582302386,-61.351585225624326,-27.233756086210168,-49.96532630581995,227.71
AM,SP,-3.4629611582302386,-61.351585225624326,-23.191158107928256,-47.05378549380357,4114.13
AP,BA,-0.2302896039963555,-51.34969290152771,-12.989871851119448,-39.615591300124855,71.78
AP,GO,-0.2302896039963555,-51.34969290152771,-16.544386780171276,-49.27402937998611,27.59
AP,MA,-0.2302896039963555,-51.34969290152771,-3.9751512906138347,-44.82710896397979,21.13
AP,MG,-0.2302896039963555,-51.34969290152771,-19.768131943331838,-44.25358623321739,132.02
AP,PE,-0.2302896039963555,-51.34969290152771,-8.252919762977053,-35.94553525314061,63.76
AP,PR,-0.2302896039963555,-51.34969290152771,-24.51761690736683,-51.13921446386092,266.83
AP,RJ,-0.2302896039963555,-51.34969290152771,-22.62313258857956,-43.189515153563526,27.61
AP,RS,-0.2302896039963555,-51.34969290152771,-29.405371844827677,-51.99545799943851,113.29
AP,SC,-0.2302896039963555,-51.34969290152771,-27.233756086210168,-49.96532630581995,232.15
AP,SP,-0.2302896039963555,-51.34969290152771,-23.191158107928256,-47.05378549380357,3023.9
BA,BA,-12.989871851119448,-39.615591300124855,-12.989871851119448,-39.615591300124855,1669.29
BA,CE,-12.989871851119448,-39.615591300124855,-4.628164063264693,-39.12452010467055,74.01
BA,DF,-12.989871851119448,-39.615591300124855,-15.790607098465964,-48.041233449700464,1132.39
BA,ES,-12.989871851119448,-39.615591300124855,-19.90141177780134,-40.691985842305776,2113.8
BA,GO,-12.989871851119448,-39.615591300124855,-16.544386780171276,-49.27402937998611,251.63
BA,MA,-12.989871851119448,-39.615591300124855,-3.9751512906138347,-44.82710896397979,227.26
BA,MG,-12.989871851119448,-39.615591300124855,-19.768131943331838,-44.25358623321739,15988.84
BA,MS,-12.989871851119448,-39.615591300124855,-21.033754693811588,-54.58754251592346,127.46
BA,MT,-12.989871851119448,-39.615591300124855,-14.24217021245117,-55.43095256054814,178.57
BA,PB,-12.989871851119448,-39.615591300124855,-7.053690918143463,-36.18945874369153,51.72
BA,PE,-12.989871851119448,-39.615591300124855,-8.252919762977053,-35.94553525314061,1011.72
BA,PR,-12.989871851119448,-39.615591300124855,-24.51761690736683,-51.13921446386092,9783.41
BA,RJ,-12.989871851119448,-39.615591300124855,-22.62313258857956,-43.189515153563526,5058.79
BA,RN,-12.989871851119448,-39.615591300124855,-5.864841623635242,-36.236780659852265,181.95
BA,RO,-12.989871851119448,-39.615591300124855,-10.635373026211626,-62.56912646825704,75.12
BA,RS,-12.989871851119448,-39.615591300124855,-29.405371844827677,-51.99545799943851,3679.4
BA,SC,-12.989871851119448,-39.615591300124855,-27.233756086210168,-49.96532630581995,4047.5
BA,SP,-12.989871851119448,-39.615591300124855,-23.191158107928256,-47.05378549380357,95567.83
CE,BA,-4.628164063264693,-39.12452010467055,-12.989871851119448,-39.615591300124855,440.63
CE,CE,-4.628164063264693,-39.12452010467055,-4.628164063264693,-39.12452010467055,385.67
CE,DF,-4.628164063264693,-39.12452010467055,-15.790607098465964,-48.041233449700464,467.28
CE,ES,-4.628164063264693,-39.12452010467055,-19.90141177780134,-40.691985842305776,311.12
CE,GO,-4.628164063264693,-39.12452010467055,-16.544386780171276,-49.27402937998611,713.2
CE,MA,-4.628164063264693,-39.12452010467055,-3.9751512906138347,-44.82710896397979,151.54
CE,MG,-4.628164063264693,-39.12452010467055,-19.768131943331838,-44.25358623321739,3611.68
CE,MT,-4.628164063264693,-39.12452010467055,-14.24217021245117,-55.43095256054814,77.24
CE,PB,-4.628164063264693,-39.12452010467055,-7.053690918143463,-36.18945874369153,123.51
CE,PE,-4.628164063264693,-39.12452010467055,-8.252919762977053,-35.94553525314061,415.58
CE,PI,-4.628164063264693,-39.12452010467055,-6.118307834918054,-42.45894693466691,28.15
CE,PR,-4.628164063264693,-39.12452010467055,-24.51761690736683,-51.13921446386092,3924.64
CE,RJ,-4.628164063264693,-39.12452010467055,-22.62313258857956,-43.189515153563526,2159.45
CE,RN,-4.628164063264693,-39.12452010467055,-5.864841623635242,-36.236780659852265,114.98
CE,RS,-4.628164063264693,-39.12452010467055,-29.405371844827677,-51.99545799943851,828.44
CE,SC,-4.628164063264693,-39.12452010467055,-27.233756086210168,-49.96532630581995,1616.54
CE,SP,-4.628164063264693,-39.12452010467055,-23.191158107928256,-47.05378549380357,45965.13
DF,BA,-15.790607098465964,-48.041233449700464,-12.989871851119448,-39.615591300124855,552.25
DF,CE,-15.790607098465964,-48.041233449700464,-4.628164063264693,-39.12452010467055,27.84
DF,DF,-15.790607098465964,-48.041233449700464,-15.790607098465964,-48.041233449700464,926.78
DF,ES,-15.790607098465964,-48.041233449700464,-19.90141177780134,-40.691985842305776,42.01
DF,GO,-15.790607098465964,-48.041233449700464,-16.544386780171276,-49.27402937998611,490.7
DF,MA,-15.790607098465964,-48.041233449700464,-3.9751512906138347,-44.82710896397979,707.35
DF,MG,-15.790607098465964,-48.041233449700464,-19.768131943331838,-44.25358623321739,6706.93
DF,MS,-15.790607098465964,-48.041233449700464,-21.033754693811588,-54.58754251592346,97.71
DF,MT,-15.790607098465964,-48.041233449700464,-14.24217021245117,-55.43095256054814,170.88
DF,PB,-15.790607098465964,-48.041233449700464,-7.053690918143463,-36.18945874369153,38.75
DF,PE,-15.790607098465964,-48.041233449700464,-8.252919762977053,-35.94553525314061,408.45
DF,PR,-15.790607098465964,-48.041233449700464,-24.51761690736683,-51.13921446386092,7094.54
DF,RJ,-15.790607098465964,-48.041233449700464,-22.62313258857956,-43.189515153563526,2647.34
DF,RN,-15.790607098465964,-48.041233449700464,-5.864841623635242,-36.236780659852265,22.85
DF,RS,-15.790607098465964,-48.041233449700464,-29.405371844827677,-51.99545799943851,1618.71
DF,SC,-15.790607098465964,-48.041233449700464,-27.233756086210168,-49.96532630581995,2754.72
DF,SP,-15.790607098465964,-48.041233449700464,-23.191158107928256,-47.05378549380357,41509.32
ES,BA,-19.90141177780134,-40.691985842305776,-12.989871851119448,-39.615591300124855,360.24
ES,CE,-19.90141177780134,-40.691985842305776,-4.628164063264693,-39.12452010467055,69.93
ES,DF,-19.90141177780134,-40.691985842305776,-15.790607098465964,-48.041233449700464,695.69
ES,ES,-19.90141177780134,-40.691985842305776,-19.90141177780134,-40.691985842305776,263.87
ES,GO,-19.90141177780134,-40.691985842305776,-16.544386780171276,-49.27402937998611,184.5
ES,MA,-19.90141177780134,-40.691985842305776,-3.9751512906138347,-44.82710896397979,370.46
ES,MG,-19.90141177780134,-40.691985842305776,-19.768131943331838,-44.25358623321739,6835.94
ES,MT,-19.90141177780134,-40.691985842305776,-14.24217021245117,-55.43095256054814,77.01
ES,PB,-19.90141177780134,-40.691985842305776,-7.053690918143463,-36.18945874369153,52.48
ES,PE,-19.90141177780134,-40.691985842305776,-8.252919762977053,-35.94553525314061,490.25
ES,PR,-19.90141177780134,-40.691985842305776,-24.51761690736683,-51.13921446386092,4535.86
ES,RJ,-19.90141177780134,-40.691985842305776,-22.62313258857956,-43.189515153563526,2688.9
ES,RO,-19.90141177780134,-40.691985842305776,-10.635373026211626,-62.56912646825704,58.54
ES,RS,-19.90141177780134,-40.691985842305776,-29.405371844827677,-51.99545799943851,1325.06
ES,SC,-19.90141177780134,-40.691985842305776,-27.233756086210168,-49.96532630581995,1925.15
ES,SE,-19.90141177780134,-40.691985842305776,-10.760415681767354,-37.20220554149861,42.91
ES,SP,-19.90141177780134,-40.691985842305776,-23.191158107928256,-47.05378549380357,42674.54
GO,BA,-16.544386780171276,-49.27402937998611,-12.989871851119448,-39.615591300124855,458.27
GO,CE,-16.544386780171276,-49.27402937998611,-4.628164063264693,-39.12452010467055,144.29
GO,DF,-16.544386780171276,-49.27402937998611,-15.790607098465964,-48.041233449700464,779.75
GO,ES,-16.544386780171276,-49.27402937998611,-19.90141177780134,-40.691985842305776,155.63
GO,GO,-16.544386780171276,-49.27402937998611,-16.544386780171276,-49.27402937998611,742.04
GO,MA,-16.544386780171276,-49.27402937998611,-3.9751512906138347,-44.82710896397979,580.01
GO,MG,-16.544386780171276,-49.27402937998611,-19.768131943331838,-44.25358623321739,9158.9
GO,MS,-16.544386780171276,-49.27402937998611,-21.033754693811588,-54.58754251592346,20.4
GO,MT,-16.544386780171276,-49.27402937998611,-14.24217021245117,-55.43095256054814,302.27
GO,PB,-16.544386780171276,-49.27402937998611,-7.053690918143463,-36.18945874369153,99.18
GO,PE,-16.544386780171276,-49.27402937998611,-8.252919762977053,-35.94553525314061,519.29
GO,PR,-16.544386780171276,-49.27402937998611,-24.51761690736683,-51.13921446386092,3704.3
GO,RJ,-16.544386780171276,-49.27402937998611,-22.62313258857956,-43.189515153563526,3726.17
GO,RS,-16.544386780171276,-49.27402937998611,-29.405371844827677,-51.99545799943851,1137.61
GO,SC,-16.544386780171276,-49.27402937998611,-27.233756086210168,-49.96532630581995,3696.78
GO,SE,-16.544386780171276,-49.27402937998611,-10.760415681767354,-37.20220554149861,36.33
GO,SP,-16.544386780171276,-49.27402937998611,-23.191158107928256,-47.05378549380357,57265.38
MA,AM,-3.9751512906138347,-44.82710896397979,-3.4629611582302386,-61.351585225624326,21.25
MA,BA,-3.9751512906138347,-44.82710896397979,-12.989871851119448,-39.615591300124855,562.58
MA,CE,-3.9751512906138347,-44.82710896397979,-4.628164063264693,-39.12452010467055,123.11
MA,DF,-3.9751512906138347,-44.82710896397979,-15.790607098465964,-48.041233449700464,580.27
MA,ES,-3.9751512906138347,-44.82710896397979,-19.90141177780134,-40.691985842305776,51.88
MA,GO,-3.9751512906138347,-44.82710896397979,-16.544386780171276,-49.27402937998611,853.93
MA,MA,-3.9751512906138347,-44.82710896397979,-3.9751512906138347,-44.82710896397979,196.34
MA,MG,-3.9751512906138347,-44.82710896397979,-19.768131943331838,-44.25358623321739,5166.2
MA,MT,-3.9751512906138347,-44.82710896397979,-14.24217021245117,-55.43095256054814,115.56
MA,PB,-3.9751512906138347,-44.82710896397979,-7.053690918143463,-36.18945874369153,17.48
MA,PE,-3.9751512906138347,-44.82710896397979,-8.252919762977053,-35.94553525314061,120.96
MA,PI,-3.9751512906138347,-44.82710896397979,-6.118307834918054,-42.45894693466691,35.76
MA,PR,-3.9751512906138347,-44.82710896397979,-24.51761690736683,-51.13921446386092,2443.4
MA,RJ,-3.9751512906138347,-44.82710896397979,-22.62313258857956,-43.189515153563526,1167.36
MA,RS,-3.9751512906138347,-44.82710896397979,-29.405371844827677,-51.99545799943851,739.43
MA,SC,-3.9751512906138347,-44.82710896397979,-27.233756086210168,-49.96532630581995,1444.99
MA,SP,-3.9751512906138347,-44.82710896397979,-23.191158107928256,-47.05378549380357,28151.57
MG,AM,-19.768131943331838,-44.25358623321739,-3.4629611582302386,-61.351585225624326,25.29
MG,BA,-19.768131943331838,-44.25358623321739,-12.989871851119448,-39.615591300124855,2032.93
MG,CE,-19.768131943331838,-44.25358623321739,-4.628164063264693,-39.12452010467055,166.82
MG,DF,-19.768131943331838,-44.25358623321739,-15.790607098465964,-48.041233449700464,2251.78
MG,ES,-19.768131943331838,-44.25358623321739,-19.90141177780134,-40.691985842305776,2353.7
MG,GO,-19.768131943331838,-44.25358623321739,-16.544386780171276,-49.27402937998611,2829.36
MG,MA,-19.768131943331838,-44.25358623321739,-3.9751512906138347,-44.82710896397979,1197.35
MG,MG,-19.768131943331838,-44.25358623321739,-19.768131943331838,-44.25358623321739,35424.04
MG,MS,-19.768131943331838,-44.25358623321739,-21.033754693811588,-54.58754251592346,99.38
MG,MT,-19.768131943331838,-44.25358623321739,-14.24217021245117,-55.43095256054814,710.53
MG,PA,-19.768131943331838,-44.25358623321739,-2.5514788152098298,-49.34759080910092,18.54
MG,PB,-19.768131943331838,-44.25358623321739,-7.053690918143463,-36.18945874369153,68.88
MG,PE,-19.768131943331838,-44.25358623321739,-8.252919762977053,-35.94553525314061,3035.35
MG,PI,-19.768131943331838,-44.25358623321739,-6.118307834918054,-42.45894693466691,79.32
MG,PR,-19.768131943331838,-44.25358623321739,-24.51761690736683,-51.13921446386092,27547.2
MG,RJ,-19.768131943331838,-44.25358623321739,-22.62313258857956,-43.189515153563526,13998.44
MG,RN,-19.768131943331838,-44.25358623321739,-5.864841623635242,-36.236780659852265,18.28
MG,RS,-19.768131943331838,-44.25358623321739,-29.405371844827677,-51.99545799943851,9253.18
MG,SC,-19.768131943331838,-44.25358623321739,-27.233756086210168,-49.96532630581995,17318.89
MG,SP,-19.768131943331838,-44.25358623321739,-23.191158107928256,-47.05378549380357,243075.7
MS,BA,-21.033754693811588,-54.58754251592346,-12.989871851119448,-39.615591300124855,114.13
MS,CE,-21.033754693811588,-54.58754251592346,-4.628164063264693,-39.12452010467055,85.75
MS,DF,-21.033754693811588,-54.58754251592346,-15.790607098465964,-48.041233449700464,190.26
MS,GO,-21.033754693811588,-54.58754251592346,-16.544386780171276,-49.27402937998611,226.5
MS,MA,-21.033754693811588,-54.58754251592346,-3.9751512906138347,-44.82710896397979,120.51
MS,MG,-21.033754693811588,-54.58754251592346,-19.768131943331838,-44.25358623321739,2303.92
MS,MT,-21.033754693811588,-54.58754251592346,-14.24217021245117,-55.43095256054814,118.59
MS,PE,-21.033754693811588,-54.58754251592346,-8.252919762977053,-35.94553525314061,72.7
MS,PR,-21.033754693811588,-54.58754251592346,-24.51761690736683,-51.13921446386092,2123.91
MS,RJ,-21.033754693811588,-54.58754251592346,-22.62313258857956,-43.189515153563526,1781.57
MS,RS,-21.033754693811588,-54.58754251592346,-29.405371844827677,-51.99545799943851,473.84
MS,SC,-21.033754693811588,-54.58754251592346,-27.233756086210168,-49.96532630581995,1012.55
MS,SP,-21.033754693811588,-54.58754251592346,-23.191158107928256,-47.05378549380357,16116.25
MT,BA,-14.24217021245117,-55.43095256054814,-12.989871851119448,-39.615591300124855,420.83
MT,CE,-14.24217021245117,-55.43095256054814,-4.628164063264693,-39.12452010467055,210.88
MT,DF,-14.24217021245117,-55.43095256054814,-15.790607098465964,-48.041233449700464,322.85
MT,ES,-14.24217021245117,-55.43095256054814,-19.90141177780134,-40.691985842305776,391.23
MT,GO,-14.24217021245117,-55.43095256054814,-16.544386780171276,-49.27402937998611,221.26
MT,MA,-14.24217021245117,-55.43095256054814,-3.9751512906138347,-44.82710896397979,122.52
MT,MG,-14.24217021245117,-55.43095256054814,-19.768131943331838,-44.25358623321739,3233.57
MT,MS,-14.24217021245117,-55.43095256054814,-21.033754693811588,-54.58754251592346,65.49
MT,MT,-14.24217021245117,-55.43095256054814,-14.24217021245117,-55.43095256054814,137.76
MT,PB,-14.24217021245117,-55.43095256054814,-7.053690918143463,-36.18945874369153,51.54
MT,PE,-14.24217021245117,-55.43095256054814,-8.252919762977053,-35.94553525314061,30.08
MT,PR,-14.24217021245117,-55.43095256054814,-24.51761690736683,-51.13921446386092,3070.6
MT,RJ,-14.24217021245117,-55.43095256054814,-22.62313258857956,-43.189515153563526,983.76
MT,RS,-14.24217021245117,-55.43095256054814,-29.405371844827677,-51.99545799943851,2867.21
MT,SC,-14.24217021245117,-55.43095256054814,-27.233756086210168,-49.96532630581995,1547.79
MT,SP,-14.24217021245117,-55.43095256054814,-23.191158107928256,-47.05378549380357,28020.94
PA,BA,-2.5514788152098298,-49.34759080910092,-12.989871851119448,-39.615591300124855,750.71
PA,CE,-2.5514788152098298,-49.34759080910092,-4.628164063264693,-39.12452010467055,351.25
PA,DF,-2.5514788152098298,-49.34759080910092,-15.790607098465964,-48.041233449700464,294.44
PA,ES,-2.5514788152098298,-49.34759080910092,-19.90141177780134,-40.691985842305776,275.25
PA,GO,-2.5514788152098298,-49.34759080910092,-16.544386780171276,-49.27402937998611,361.4
PA,MA,-2.5514788152098298,-49.34759080910092,-3.9751512906138347,-44.82710896397979,90.65
PA,MG,-2.5514788152098298,-49.34759080910092,-19.768131943331838,-44.25358623321739,5649.64
PA,MT,-2.5514788152098298,-49.34759080910092,-14.24217021245117,-55.43095256054814,107.63
PA,PB,-2.5514788152098298,-49.34759080910092,-7.053690918143463,-36.18945874369153,20.93
PA,PE,-2.5514788152098298,-49.34759080910092,-8.252919762977053,-35.94553525314061,594.57
PA,PR,-2.5514788152098298,-49.34759080910092,-24.51761690736683,-51.13921446386092,3685.07
PA,RJ,-2.5514788152098298,-49.34759080910092,-22.62313258857956,-43.189515153563526,1744.43
PA,RN,-2.5514788152098298,-49.34759080910092,-5.864841623635242,-36.236780659852265,26.29
PA,RS,-2.5514788152098298,-49.34759080910092,-29.405371844827677,-51.99545799943851,1246.23
PA,SC,-2.5514788152098298,-49.34759080910092,-27.233756086210168,-49.96532630581995,1659.71
PA,SE,-2.5514788152098298,-49.34759080910092,-10.760415681767354,-37.20220554149861,26.0
PA,SP,-2.5514788152098298,-49.34759080910092,-23.191158107928256,-47.05378549380357,32692.32
PB,BA,-7.053690918143463,-36.18945874369153,-12.989871851119448,-39.615591300124855,372.15
PB,CE,-7.053690918143463,-36.18945874369153,-4.628164063264693,-39.12452010467055,46.08
PB,DF,-7.053690918143463,-36.18945874369153,-15.790607098465964,-48.041233449700464,290.76
PB,GO,-7.053690918143463,-36.18945874369153,-16.544386780171276,-49.27402937998611,282.81
PB,MA,-7.053690918143463,-36.18945874369153,-3.9751512906138347,-44.82710896397979,85.03
PB,MG,-7.053690918143463,-36.18945874369153,-19.768131943331838,-44.25358623321739,3494.23
PB,MT,-7.053690918143463,-36.18945874369153,-14.24217021245117,-55.43095256054814,80.86
PB,PB,-7.053690918143463,-36.18945874369153,-7.053690918143463,-36.18945874369153,9.63
PB,PE,-7.053690918143463,-36.18945874369153,-8.252919762977053,-35.94553525314061,129.44
PB,PI,-7.053690918143463,-36.18945874369153,-6.118307834918054,-42.45894693466691,23.65
PB,PR,-7.053690918143463,-36.18945874369153,-24.51761690736683,-51.13921446386092,2417.84
PB,RJ,-7.053690918143463,-36.18945874369153,-22.62313258857956,-43.189515153563526,926.82
PB,RN,-7.053690918143463,-36.18945874369153,-5.864841623635242,-36.236780659852265,113.61
PB,RS,-7.053690918143463,-36.18945874369153,-29.405371844827677,-51.99545799943851,446.07
PB,SC,-7.053690918143463,-36.18945874369153,-27.233756086210168,-49.96532630581995,1516.84
PB,SP,-7.053690918143463,-36.18945874369153,-23.191158107928256,-47.05378549380357,30721.54
PE,BA,-8.252919762977053,-35.94553525314061,-12.989871851119448,-39.615591300124855,1056.01
PE,CE,-8.252919762977053,-35.94553525314061,-4.628164063264693,-39.12452010467055,133.49
PE,DF,-8.252919762977053,-35.94553525314061,-15.790607098465964,-48.041233449700464,283.75
PE,ES,-8.252919762977053,-35.94553525314061,-19.90141177780134,-40.691985842305776,278.88
PE,GO,-8.252919762977053,-35.94553525314061,-16.544386780171276,-49.27402937998611,299.64
PE,MA,-8.252919762977053,-35.94553525314061,-3.9751512906138347,-44.82710896397979,567.86
PE,MG,-8.252919762977053,-35.94553525314061,-19.768131943331838,-44.25358623321739,5101.01
PE,MT,-8.252919762977053,-35.94553525314061,-14.24217021245117,-55.43095256054814,187.33
PE,PB,-8.252919762977053,-35.94553525314061,-7.053690918143463,-36.18945874369153,32.47
PE,PE,-8.252919762977053,-35.94553525314061,-8.252919762977053,-35.94553525314061,321.42
PE,PI,-8.252919762977053,-35.94553525314061,-6.118307834918054,-42.45894693466691,24.94
PE,PR,-8.252919762977053,-35.94553525314061,-24.51761690736683,-51.13921446386092,5872.66
PE,RJ,-8.252919762977053,-35.94553525314061,-22.62313258857956,-43.189515153563526,6446.63
PE,RS,-8.252919762977053,-35.94553525314061,-29.405371844827677,-51.99545799943851,1127.61
PE,SC,-8.252919762977053,-35.94553525314061,-27.233756086210168,-49.96532630581995,2302.18
PE,SE,-8.252919762977053,-35.94553525314061,-10.760415681767354,-37.20220554149861,109.2
PE,SP,-8.252919762977053,-35.94553525314061,-23.191158107928256,-47.05378549380357,49686.28
PI,BA,-6.118307834918054,-42.45894693466691,-12.989871851119448,-39.615591300124855,407.73
PI,CE,-6.118307834918054,-42.45894693466691,-4.628164063264693,-39.12452010467055,53.08
PI,DF,-6.118307834918054,-42.45894693466691,-15.790607098465964,-48.041233449700464,210.31
PI,ES,-6.118307834918054,-42.45894693466691,-19.90141177780134,-40.691985842305776,139.95
PI,GO,-6.118307834918054,-42.45894693466691,-16.544386780171276,-49.27402937998611,87.88
PI,MA,-6.118307834918054,-42.45894693466691,-3.9751512906138347,-44.82710896397979,86.9
PI,MG,-6.118307834918054,-42.45894693466691,-19.768131943331838,-44.25358623321739,1446.23
PI,PE,-6.118307834918054,-42.45894693466691,-8.252919762977053,-35.94553525314061,172.27
PI,PI,-6.118307834918054,-42.45894693466691,-6.118307834918054,-42.45894693466691,20.08
PI,PR,-6.118307834918054,-42.45894693466691,-24.51761690736683,-51.13921446386092,2746.35
PI,RJ,-6.118307834918054,-42.45894693466691,-22.62313258857956,-43.189515153563526,1552.96
PI,RS,-6.118307834918054,-42.45894693466691,-29.405371844827677,-51.99545799943851,703.22
PI,SC,-6.118307834918054,-42.45894693466691,-27.233756086210168,-49.96532630581995,1043.71
PI,SP,-6.118307834918054,-42.45894693466691,-23.191158107928256,-47.05378549380357,18431.32
PR,BA,-24.51761690736683,-51.13921446386092,-12.989871851119448,-39.615591300124855,733.08
PR,CE,-24.51761690736683,-51.13921446386092,-4.628164063264693,-39.12452010467055,395.29
PR,DF,-24.51761690736683,-51.13921446386092,-15.790607098465964,-48.041233449700464,1300.35
PR,ES,-24.51761690736683,-51.13921446386092,-19.90141177780134,-40.691985842305776,662.29
PR,GO,-24.51761690736683,-51.13921446386092,-16.544386780171276,-49.27402937998611,1486.84
PR,MA,-24.51761690736683,-51.13921446386092,-3.9751512906138347,-44.82710896397979,285.03
PR,MG,-24.51761690736683,-51.13921446386092,-19.768131943331838,-44.25358623321739,13229.07
PR,MS,-24.51761690736683,-51.13921446386092,-21.033754693811588,-54.58754251592346,144.78
PR,MT,-24.51761690736683,-51.13921446386092,-14.24217021245117,-55.43095256054814,264.95
PR,PA,-24.51761690736683,-51.13921446386092,-2.5514788152098298,-49.34759080910092,35.75
PR,PE,-24.51761690736683,-51.13921446386092,-8.252919762977053,-35.94553525314061,359.62
PR,PI,-24.51761690736683,-51.13921446386092,-6.118307834918054,-42.45894693466691,78.56
PR,PR,-24.51761690736683,-51.13921446386092,-24.51761690736683,-51.13921446386092,17623.89
PR,RJ,-24.51761690736683,-51.13921446386092,-22.62313258857956,-43.189515153563526,7354.76
PR,RN,-24.51761690736683,-51.13921446386092,-5.864841623635242,-36.236780659852265,195.14
PR,RO,-24.51761690736683,-51.13921446386092,-10.635373026211626,-62.56912646825704,43.49
PR,RS,-24.51761690736683,-51.13921446386092,-29.405371844827677,-51.99545799943851,3495.02
PR,SC,-24.51761690736683,-51.13921446386092,-27.233756086210168,-49.96532630581995,9628.58
PR,SE,-24.51761690736683,-51.13921446386092,-10.760415681767354,-37.20220554149861,86.72
PR,SP,-24.51761690736683,-51.13921446386092,-23.191158107928256,-47.05378549380357,114409.14
RJ,BA,-22.62313258857956,-43.189515153563526,-12.989871851119448,-39.615591300124855,3590.44
RJ,CE,-22.62313258857956,-43.189515153563526,-4.628164063264693,-39.12452010467055,597.46
RJ,DF,-22.62313258857956,-43.189515153563526,-15.790607098465964,-48.041233449700464,2623.04
RJ,ES,-22.62313258857956,-43.189515153563526,-19.90141177780134,-40.691985842305776,2782.5
RJ,GO,-22.62313258857956,-43.189515153563526,-16.544386780171276,-49.27402937998611,1716.4
RJ,MA,-22.62313258857956,-43.189515153563526,-3.9751512906138347,-44.82710896397979,1304.49
RJ,MG,-22.62313258857956,-43.189515153563526,-19.768131943331838,-44.25358623321739,41006.3
RJ,MS,-22.62313258857956,-43.189515153563526,-21.033754693811588,-54.58754251592346,198.04
RJ,MT,-22.62313258857956,-43.189515153563526,-14.24217021245117,-55.43095256054814,511.67
RJ,PB,-22.62313258857956,-43.189515153563526,-7.053690918143463,-36.18945874369153,566.76
RJ,PE,-22.62313258857956,-43.189515153563526,-8.252919762977053,-35.94553525314061,2373.74
RJ,PI,-22.62313258857956,-43.189515153563526,-6.118307834918054,-42.45894693466691,34.77
RJ,PR,-22.62313258857956,-43.189515153563526,-24.51761690736683,-51.13921446386092,33884.21
RJ,RJ,-22.62313258857956,-43.189515153563526,-22.62313258857956,-43.189515153563526,18134.31
RJ,RN,-22.62313258857956,-43.189515153563526,-5.864841623635242,-36.236780659852265,70.02
RJ,RO,-22.62313258857956,-43.189515153563526,-10.635373026211626,-62.56912646825704,106.99
RJ,RS,-22.62313258857956,-43.189515153563526,-29.405371844827677,-51.99545799943851,8601.97
RJ,SC,-22.62313258857956,-43.189515153563526,-27.233756086210168,-49.96532630581995,17855.17
RJ,SE,-22.62313258857956,-43.189515153563526,-10.760415681767354,-37.20220554149861,38.18
RJ,SP,-22.62313258857956,-43.189515153563526,-23.191158107928256,-47.05378549380357,278781.7
RN,BA,-5.864841623635242,-36.236780659852265,-12.989871851119448,-39.615591300124855,274.77
RN,CE,-5.864841623635242,-36.236780659852265,-4.628164063264693,-39.12452010467055,97.44
RN,DF,-5.864841623635242,-36.236780659852265,-15.790607098465964,-48.041233449700464,215.78
RN,ES,-5.864841623635242,-36.236780659852265,-19.90141177780134,-40.691985842305776,45.73
RN,GO,-5.864841623635242,-36.236780659852265,-16.544386780171276,-49.27402937998611,25.38
RN,MA,-5.864841623635242,-36.236780659852265,-3.9751512906138347,-44.82710896397979,75.62
RN,MG,-5.864841623635242,-36.236780659852265,-19.768131943331838,-44.25358623321739,1573.65
RN,MT,-5.864841623635242,-36.236780659852265,-14.24217021245117,-55.43095256054814,47.44
RN,PB,-5.864841623635242,-36.236780659852265,-7.053690918143463,-36.18945874369153,19.32
RN,PE,-5.864841623635242,-36.236780659852265,-8.252919762977053,-35.94553525314061,83.6
RN,PR,-5.864841623635242,-36.236780659852265,-24.51761690736683,-51.13921446386092,766.33
RN,RJ,-5.864841623635242,-36.236780659852265,-22.62313258857956,-43.189515153563526,851.26
RN,RN,-5.864841623635242,-36.236780659852265,-5.864841623635242,-36.236780659852265,249.55
RN,RS,-5.864841623635242,-36.236780659852265,-29.405371844827677,-51.99545799943851,311.58
RN,SC,-5.864841623635242,-36.236780659852265,-27.233756086210168,-49.96532630581995,758.44
RN,SP,-5.864841623635242,-36.236780659852265,-23.191158107928256,-47.05378549380357,16179.92
RO,BA,-10.635373026211626,-62.56912646825704,-12.989871851119448,-39.615591300124855,130.47
RO,CE,-10.635373026211626,-62.56912646825704,-4.628164063264693,-39.12452010467055,38.81
RO,ES,-10.635373026211626,-62.56912646825704,-19.90141177780134,-40.691985842305776,89.82
RO,GO,-10.635373026211626,-62.56912646825704,-16.544386780171276,-49.27402937998611,21.15
RO,MG,-10.635373026211626,-62.56912646825704,-19.768131943331838,-44.25358623321739,732.28
RO,MT,-10.635373026211626,-62.56912646825704,-14.24217021245117,-55.43095256054814,96.09
RO,PE,-10.635373026211626,-62.56912646825704,-8.252919762977053,-35.94553525314061,203.69
RO,PR,-10.635373026211626,-62.56912646825704,-24.51761690736683,-51.13921446386092,808.67
RO,RJ,-10.635373026211626,-62.56912646825704,-22.62313258857956,-43.189515153563526,546.5
RO,RS,-10.635373026211626,-62.56912646825704,-29.405371844827677,-51.99545799943851,558.95
RO,SC,-10.635373026211626,-62.56912646825704,-27.233756086210168,-49.96532630581995,368.62
RO,SP,-10.635373026211626,-62.56912646825704,-23.191158107928256,-47.05378549380357,10570.14
RR,BA,2.6013277895632556,-60.60924479139941,-12.989871851119448,-39.615591300124855,86.21
RR,MG,2.6013277895632556,-60.60924479139941,-19.768131943331838,-44.25358623321739,186.67
RR,PR,2.6013277895632556,-60.60924479139941,-24.51761690736683,-51.13921446386092,378.97
RR,SC,2.6013277895632556,-60.60924479139941,-27.233756086210168,-49.96532630581995,84.94
RR,SP,2.6013277895632556,-60.60924479139941,-23.191158107928256,-47.05378549380357,2081.28
RS,BA,-29.405371844827677,-51.99545799943851,-12.989871851119448,-39.615591300124855,4373.35
RS,CE,-29.405371844827677,-51.99545799943851,-4.628164063264693,-39.12452010467055,48.62
RS,DF,-29.405371844827677,-51.99545799943851,-15.790607098465964,-48.041233449700464,791.06
RS,ES,-29.405371844827677,-51.99545799943851,-19.90141177780134,-40.691985842305776,948.63
RS,GO,-29.405371844827677,-51.99545799943851,-16.544386780171276,-49.27402937998611,447.02
RS,MA,-29.405371844827677,-51.99545799943851,-3.9751512906138347,-44.82710896397979,925.52
RS,MG,-29.405371844827677,-51.99545799943851,-19.768131943331838,-44.25358623321739,14592.94
RS,MS,-29.405371844827677,-51.99545799943851,-21.033754693811588,-54.58754251592346,29.31
RS,MT,-29.405371844827677,-51.99545799943851,-14.24217021245117,-55.43095256054814,240.54
RS,PE,-29.405371844827677,-51.99545799943851,-8.252919762977053,-35.94553525314061,861.53
RS,PR,-29.405371844827677,-51.99545799943851,-24.51761690736683,-51.13921446386092,21103.88
RS,RJ,-29.405371844827677,-51.99545799943851,-22.62313258857956,-43.189515153563526,6207.84
RS,RN,-29.405371844827677,-51.99545799943851,-5.864841623635242,-36.236780659852265,274.86
RS,RO,-29.405371844827677,-51.99545799943851,-10.635373026211626,-62.56912646825704,43.08
RS,RS,-29.405371844827677,-51.99545799943851,-29.405371844827677,-51.99545799943851,6477.36
RS,SC,-29.405371844827677,-51.99545799943851,-27.233756086210168,-49.96532630581995,9612.16
RS,SP,-29.405371844827677,-51.99545799943851,-23.191158107928256,-47.05378549380357,120684.35
SC,BA,-27.233756086210168,-49.96532630581995,-12.989871851119448,-39.615591300124855,649.05
SC,CE,-27.233756086210168,-49.96532630581995,-4.628164063264693,-39.12452010467055,74.86
SC,DF,-27.233756086210168,-49.96532630581995,-15.790607098465964,-48.041233449700464,791.6
SC,ES,-27.233756086210168,-49.96532630581995,-19.90141177780134,-40.691985842305776,704.36
SC,GO,-27.233756086210168,-49.96532630581995,-16.544386780171276,-49.27402937998611,344.08
SC,MA,-27.233756086210168,-49.96532630581995,-3.9751512906138347,-44.82710896397979,807.32
SC,MG,-27.233756086210168,-49.96532630581995,-19.768131943331838,-44.25358623321739,11102.67
SC,MS,-27.233756086210168,-49.96532630581995,-21.033754693811588,-54.58754251592346,18.79
SC,MT,-27.233756086210168,-49.96532630581995,-14.24217021245117,-55.43095256054814,238.17
SC,PE,-27.233756086210168,-49.96532630581995,-8.252919762977053,-35.94553525314061,534.12
SC,PI,-27.233756086210168,-49.96532630581995,-6.118307834918054,-42.45894693466691,54.43
SC,PR,-27.233756086210168,-49.96532630581995,-24.51761690736683,-51.13921446386092,11307.89
SC,RJ,-27.233756086210168,-49.96532630581995,-22.62313258857956,-43.189515153563526,4228.33
SC,RN,-27.233756086210168,-49.96532630581995,-5.864841623635242,-36.236780659852265,48.27
SC,RS,-27.233756086210168,-49.96532630581995,-29.405371844827677,-51.99545799943851,3373.6
SC,SC,-27.233756086210168,-49.96532630581995,-27.233756086210168,-49.96532630581995,7717.75
SC,SP,-27.233756086210168,-49.96532630581995,-23.191158107928256,-47.05378549380357,83488.14
SE,BA,-10.760415681767354,-37.20220554149861,-12.989871851119448,-39.615591300124855,193.53
SE,CE,-10.760415681767354,-37.20220554149861,-4.628164063264693,-39.12452010467055,61.78
SE,DF,-10.760415681767354,-37.20220554149861,-15.790607098465964,-48.041233449700464,54.31
SE,ES,-10.760415681767354,-37.20220554149861,-19.90141177780134,-40.691985842305776,79.76
SE,MA,-10.760415681767354,-37.20220554149861,-3.9751512906138347,-44.82710896397979,123.12
SE,MG,-10.760415681767354,-37.20220554149861,-19.768131943331838,-44.25358623321739,2430.1
SE,PB,-10.760415681767354,-37.20220554149861,-7.053690918143463,-36.18945874369153,23.08
SE,PE,-10.760415681767354,-37.20220554149861,-8.252919762977053,-35.94553525314061,241.15
SE,PR,-10.760415681767354,-37.20220554149861,-24.51761690736683,-51.13921446386092,912.11
SE,RJ,-10.760415681767354,-37.20220554149861,-22.62313258857956,-43.189515153563526,500.48
SE,RO,-10.760415681767354,-37.20220554149861,-10.635373026211626,-62.56912646825704,54.02
SE,RS,-10.760415681767354,-37.20220554149861,-29.405371844827677,-51.99545799943851,458.08
SE,SC,-10.760415681767354,-37.20220554149861,-27.233756086210168,-49.96532630581995,802.22
SE,SP,-10.760415681767354,-37.20220554149861,-23.191158107928256,-47.05378549380357,12044.87
SP,AC,-23.191158107928256,-47.05378549380357,-9.993495924837452,-68.28232533466523,32.84
SP,BA,-23.191158107928256,-47.05378549380357,-12.989871851119448,-39.615591300124855,6119.53
SP,CE,-23.191158107928256,-47.05378549380357,-4.628164063264693,-39.12452010467055,1417.57
SP,DF,-23.191158107928256,-47.05378549380357,-15.790607098465964,-48.041233449700464,7753.91
SP,ES,-23.191158107928256,-47.05378549380357,-19.90141177780134,-40.691985842305776,4361.08
SP,GO,-23.191158107928256,-47.05378549380357,-16.544386780171276,-49.27402937998611,4294.28
SP,MA,-23.191158107928256,-47.05378549380357,-3.9751512906138347,-44.82710896397979,4714.55
SP,MG,-23.191158107928256,-47.05378549380357,-19.768131943331838,-44.25358623321739,87946.84
SP,MS,-23.191158107928256,-47.05378549380357,-21.033754693811588,-54.58754251592346,466.25
SP,MT,-23.191158107928256,-47.05378549380357,-14.24217021245117,-55.43095256054814,1384.45
SP,PA,-23.191158107928256,-47.05378549380357,-2.5514788152098298,-49.34759080910092,100.82
SP,PB,-23.191158107928256,-47.05378549380357,-7.053690918143463,-36.18945874369153,510.09
SP,PE,-23.191158107928256,-47.05378549380357,-8.252919762977053,-35.94553525314061,3365.33
SP,PI,-23.191158107928256,-47.05378549380357,-6.118307834918054,-42.45894693466691,102.94
SP,PR,-23.191158107928256,-47.05378549380357,-24.51761690736683,-51.13921446386092,86193.16
SP,RJ,-23.191158107928256,-47.05378549380357,-22.62313258857956,-43.189515153563526,36278.45
SP,RN,-23.191158107928256,-47.05378549380357,-5.864841623635242,-36.236780659852265,208.29
SP,RO,-23.191158107928256,-47.05378549380357,-10.635373026211626,-62.56912646825704,359.93
SP,RS,-23.191158107928256,-47.05378549380357,-29.405371844827677,-51.99545799943851,23555.6
SP,SC,-23.191158107928256,-47.05378549380357,-27.233756086210168,-49.96532630581995,43344.55
SP,SE,-23.191158107928256,-47.05378549380357,-10.760415681767354,-37.20220554149861,52.71
SP,SP,-23.191158107928256,-47.05378549380357,-23.191158107928256,-47.05378549380357,679765.11
TO,BA,-9.408086523413395,-48.29362845844685,-12.989871851119448,-39.615591300124855,90.27
TO,DF,-9.408086523413395,-48.29362845844685,-15.790607098465964,-48.041233449700464,169.46
TO,ES,-9.408086523413395,-48.29362845844685,-19.90141177780134,-40.691985842305776,372.2
TO,GO,-9.408086523413395,-48.29362845844685,-16.544386780171276,-49.27402937998611,85.15
TO,MA,-9.408086523413395,-48.29362845844685,-3.9751512906138347,-44.82710896397979,123.85
TO,MG,-9.408086523413395,-48.29362845844685,-19.768131943331838,-44.25358623321739,666.13
TO,PE,-9.408086523413395,-48.29362845844685,-8.252919762977053,-35.94553525314061,36.37
TO,PR,-9.408086523413395,-48.29362845844685,-24.51761690736683,-51.13921446386092,709.27
TO,RJ,-9.408086523413395,-48.29362845844685,-22.62313258857956,-43.189515153563526,707.8
TO,RS,-9.408086523413395,-48.29362845844685,-29.405371844827677,-51.99545799943851,204.39
TO,SC,-9.408086523413395,-48.29362845844685,-27.233756086210168,-49.96532630581995,547.26
TO,SP,-9.408086523413395,-48.29362845844685,-23.191158107928256,-47.05378549380357,11221.83
